{
    "foreground_intensity_properties_per_channel": {
        "0": {
            "max": 2167.42333984375,
            "mean": 288.2217102050781,
            "median": 203.73724365234375,
            "min": 0.0,
            "percentile_00_5": 21.0,
            "percentile_99_5": 1159.3260498046875,
            "std": 229.88670349121094
        }
    },
    "median_relative_size_after_cropping": 1.0,
    "shapes_after_crop": [
        [
            46,
            108,
            153
        ],
        [
            55,
            105,
            156
        ],
        [
            64,
            135,
            201
        ],
        [
            75,
            120,
            150
        ],
        [
            64,
            72,
            120
        ],
        [
            61,
            123,
            171
        ],
        [
            61,
            111,
            141
        ],
        [
            61,
            123,
            171
        ],
        [
            58,
            114,
            165
        ],
        [
            58,
            93,
            162
        ],
        [
            58,
            105,
            171
        ],
        [
            49,
            87,
            114
        ],
        [
            64,
            144,
            207
        ],
        [
            61,
            114,
            153
        ],
        [
            61,
            108,
            162
        ],
        [
            61,
            126,
            180
        ],
        [
            61,
            117,
            189
        ],
        [
            55,
            90,
            135
        ],
        [
            64,
            108,
            159
        ],
        [
            61,
            123,
            162
        ],
        [
            58,
            111,
            159
        ],
        [
            49,
            84,
            105
        ],
        [
            49,
            84,
            132
        ],
        [
            58,
            108,
            165
        ],
        [
            61,
            96,
            138
        ],
        [
            64,
            117,
            150
        ],
        [
            61,
            96,
            162
        ],
        [
            58,
            102,
            150
        ],
        [
            67,
            120,
            168
        ],
        [
            64,
            96,
            153
        ],
        [
            52,
            99,
            156
        ],
        [
            52,
            105,
            150
        ],
        [
            58,
            102,
            162
        ],
        [
            52,
            90,
            150
        ],
        [
            64,
            105,
            159
        ],
        [
            64,
            117,
            144
        ],
        [
            61,
            114,
            183
        ],
        [
            67,
            96,
            144
        ],
        [
            70,
            102,
            150
        ],
        [
            58,
            114,
            183
        ],
        [
            67,
            105,
            147
        ],
        [
            55,
            102,
            147
        ],
        [
            55,
            102,
            141
        ],
        [
            61,
            99,
            147
        ],
        [
            55,
            120,
            177
        ],
        [
            60,
            132,
            186
        ],
        [
            58,
            102,
            168
        ],
        [
            61,
            111,
            189
        ],
        [
            61,
            105,
            138
        ],
        [
            70,
            120,
            171
        ]
    ],
    "spacings": [
        [
            2.0000000005570575,
            1.0,
            1.0
        ],
        [
            2.0000000005570575,
            1.0,
            1.0
        ],
        [
            2.0000000005570575,
            1.0,
            1.0
        ],
        [
            2.0000000005566174,
            1.0,
            1.0
        ],
        [
            2.0000000005566174,
            1.0,
            1.0
        ],
        [
            2.0000000005566174,
            1.0,
            1.0
        ],
        [
            2.0000000005566174,
            1.0,
            1.0
        ],
        [
            2.0000000005566174,
            1.0,
            1.0
        ],
        [
            2.0000000005566174,
            1.0,
            1.0
        ],
        [
            2.0000000005566174,
            1.0,
            1.0
        ],
        [
            2.0000000005570575,
            1.0,
            1.0
        ],
        [
            2.0000000005566174,
            1.0,
            1.0
        ],
        [
            2.000000000568434,
            0.89285713434219,
            0.89285713434219
        ],
        [
            2.0000000005566174,
            1.0,
            1.0
        ],
        [
            2.0000000005570575,
            1.0,
            1.0
        ],
        [
            2.0000000005570575,
            1.0,
            1.0
        ],
        [
            2.0000000005570575,
            1.0,
            1.0
        ],
        [
            2.0000000005570575,
            1.0,
            1.0
        ],
        [
            2.0000000005570575,
            1.0,
            1.0
        ],
        [
            2.0000000005566174,
            1.0,
            1.0
        ],
        [
            2.0000000005566174,
            1.0,
            1.0
        ],
        [
            2.0000000005566174,
            1.0,
            1.0
        ],
        [
            2.0000000005570575,
            1.0,
            1.0
        ],
        [
            2.0000000005570575,
            1.0,
            1.0
        ],
        [
            2.0000000005566174,
            1.0,
            1.0
        ],
        [
            2.0000000005570575,
            1.0,
            1.0
        ],
        [
            2.0000000005566174,
            1.0,
            1.0
        ],
        [
            2.0000000005570575,
            1.0,
            1.0
        ],
        [
            2.0000000005566174,
            1.0,
            1.0
        ],
        [
            2.0000000005566174,
            1.0,
            1.0
        ],
        [
            2.0000000005566174,
            1.0,
            1.0
        ],
        [
            2.0000000005566174,
            1.0,
            1.0
        ],
        [
            2.0000000005570575,
            1.0,
            1.0
        ],
        [
            2.0000000005566174,
            1.0,
            1.0
        ],
        [
            2.0000000005566174,
            1.0,
            1.0
        ],
        [
            2.0000000005566174,
            1.0,
            1.0
        ],
        [
            2.0000000005566174,
            1.0,
            1.0
        ],
        [
            2.0000000005566174,
            1.0,
            1.0
        ],
        [
            2.0000000005566174,
            1.0,
            1.0
        ],
        [
            2.0000000005566174,
            1.0,
            1.0
        ],
        [
            2.0000000005566174,
            1.0,
            1.0
        ],
        [
            2.0000000005566174,
            1.0,
            1.0
        ],
        [
            2.0000000005570575,
            1.0,
            1.0
        ],
        [
            2.0000000005570575,
            1.0,
            1.0
        ],
        [
            2.0000000005570575,
            1.0,
            1.0
        ],
        [
            2.0000000005570575,
            1.0,
            1.0
        ],
        [
            2.0000000005570575,
            1.0,
            1.0
